priceDate,open,low,high,close,volume
1704412800000000000,236.86,234.9001,240.1196,237.49,92488939.0
1704326400000000000,239.25,237.73,242.7,237.93,102629283.0
1704240000000000000,244.98,236.32,245.68,238.45,121082599.0
1704153600000000000,250.08,244.41,251.25,248.42,104654163.0
1703808000000000000,255.1,247.43,255.19,248.48,100891578.0
1703721600000000000,263.66,252.71,265.13,253.18,113619943.0
1703635200000000000,258.35,257.52,263.34,261.44,106494359.0
1703548800000000000,254.49,252.91,257.97,256.61,86892382.0
1703203200000000000,256.76,251.37,258.22,252.54,93370094.0
1703116800000000000,251.9,248.55,254.7999,254.5,109594227.0
1703030400000000000,256.41,247.0,259.84,247.14,125096987.0
1702944000000000000,253.48,253.01,258.3399,257.22,106737369.0
1702857600000000000,253.78,251.36,258.74,252.08,116416490.0
1702598400000000000,251.21,248.3,254.13,253.5,135932762.0
1702512000000000000,241.22,240.79,253.88,251.05,160829239.0
1702425600000000000,234.19,228.2,240.3,239.29,146286348.0
1702339200000000000,238.55,233.87,238.99,237.01,95328313.0
1702252800000000000,242.74,237.45,243.441,239.74,97913888.0
1701993600000000000,240.27,239.2701,245.27,243.84,103126829.0
1701907200000000000,241.55,236.98,244.08,242.64,107142262.0
1701820800000000000,242.92,239.1709,246.57,239.37,126436179.0
1701734400000000000,233.87,233.7,246.66,238.72,137971115.0
1701648000000000000,235.75,233.2902,239.3733,235.58,104099817.0
1701388800000000000,233.14,231.9,240.19,238.83,121331709.0
1701302400000000000,245.14,236.91,245.22,240.08,132353196.0
1701216000000000000,249.21,242.76,252.75,244.14,135401335.0
1701129600000000000,236.68,234.01,247.0,246.72,148549913.0
1701043200000000000,236.89,232.1,238.33,236.08,112031763.0
1700784000000000000,233.75,232.33,238.75,235.45,65125203.0
1700611200000000000,242.04,231.4,244.01,234.21,118117078.0
1700524800000000000,235.04,233.34,243.62,241.2,122288000.0
1700438400000000000,234.04,231.02,237.1,235.6,116562402.0
1700179200000000000,232.0,226.54,237.39,234.3,142766234.0
1700092800000000000,239.49,230.96,240.88,233.59,136816819.0
1700006400000000000,239.29,236.45,246.7,242.84,150353975.0
1699920000000000000,235.03,230.72,238.135,237.41,149771642.0
1699833600000000000,215.6,211.6101,225.4,223.71,140447569.0
1699574400000000000,210.03,205.69,215.38,214.65,131310128.0
1699488000000000000,219.75,206.68,220.8,209.98,142110454.0
1699401600000000000,223.15,217.64,224.15,222.11,106584841.0
1699315200000000000,219.98,215.72,223.12,222.18,116900130.0
1699228800000000000,223.98,215.0,226.32,219.27,117335820.0
1698969600000000000,221.15,218.4,226.3701,219.96,119534790.0
1698883200000000000,212.97,211.45,219.2,218.51,125987621.0
1698796800000000000,204.04,197.85,205.99,205.66,121661656.0
1698710400000000000,196.12,194.07,202.8,200.84,118068273.0
1698624000000000000,209.28,194.67,210.88,197.36,136448167.0
1698364800000000000,210.6,205.77,212.41,207.3,94881173.0
1698278400000000000,211.32,204.88,214.8,205.76,115112635.0
1698192000000000000,215.88,212.2,220.1,212.42,107065087.0
1698105600000000000,216.5,214.11,222.05,216.52,118231113.0
1698019200000000000,210.0,202.51,216.98,212.08,150683368.0
1697760000000000000,217.01,210.42,218.8606,211.99,138010095.0
1697673600000000000,225.95,216.78,230.61,220.11,170772713.0
1697587200000000000,252.7,242.08,254.63,242.68,125147846.0
1697500800000000000,250.1,247.08,257.183,254.85,93562909.0
1697414400000000000,250.05,248.48,255.3999,253.92,88917176.0
1697155200000000000,258.9,250.22,259.6,251.12,102296786.0
1697068800000000000,262.92,256.6307,265.41,258.87,111508114.0
1696982400000000000,266.2,260.9,268.6,262.99,103706266.0
1696896000000000000,257.75,257.65,268.94,263.62,122656030.0
1696809600000000000,255.31,252.05,261.36,259.67,101377947.0
1696550400000000000,253.98,250.65,261.65,260.53,118121812.0
1696464000000000000,260.0,256.25,263.6,260.05,119159214.0
1696377600000000000,248.14,247.6,261.86,261.16,129721567.0
1696291200000000000,248.61,244.45,250.02,246.53,101985305.0
1696204800000000000,244.81,242.62,254.2799,251.6,123810402.0
1695945600000000000,250.0,246.35,254.77,250.22,128522729.0
1695859200000000000,240.02,238.65,247.55,246.38,117058870.0
1695772800000000000,244.262,234.58,245.33,240.5,136597184.0
1695686400000000000,242.98,241.6601,249.55,244.12,101993631.0
1695600000000000000,243.38,238.31,247.1,246.99,104636557.0
1695340800000000000,257.4,244.48,257.7888,244.88,127524083.0
1695254400000000000,257.85,254.21,260.86,255.7,119951516.0
1695168000000000000,267.04,262.4606,273.93,262.59,122514643.0
1695081600000000000,264.35,261.2,267.85,266.5,103704040.0
1694995200000000000,271.16,263.7601,271.44,265.28,101543305.0
1694736000000000000,277.55,271.0,278.98,274.39,133692313.0
1694649600000000000,271.32,270.42,276.7094,276.04,107709842.0
1694563200000000000,270.07,268.1,274.98,271.3,111673737.0
1694476800000000000,270.76,266.6,278.39,267.48,135999866.0
1694390400000000000,264.27,260.61,274.85,273.58,174667852.0
1694131200000000000,251.22,246.67,256.52,248.5,118559635.0
1694044800000000000,245.07,243.265,252.81,251.49,115312886.0
1693958400000000000,255.135,245.06,255.39,251.92,116959759.0
1693872000000000000,245.0,244.86,258.0,256.49,129469565.0
1693526400000000000,257.26,242.01,259.0794,245.01,132541640.0
1693440000000000000,255.98,255.05,261.18,258.08,108861698.0
1693353600000000000,254.2,250.59,260.51,256.9,121988437.0
1693267200000000000,238.58,237.77,257.48,257.18,134047603.0
1693180800000000000,242.58,235.35,244.38,238.82,107673727.0
1692921600000000000,231.31,230.35,239.0,238.59,106612231.0
1692835200000000000,238.66,228.1801,238.92,230.04,99777432.0
1692748800000000000,229.34,229.29,238.98,236.86,101077635.0
1692662400000000000,240.25,229.55,240.82,233.19,130597886.0
1692576000000000000,221.5512,220.58,232.1343,231.28,135702671.0
1692316800000000000,214.12,212.36,217.58,215.49,136276584.0
1692230400000000000,226.06,218.83,226.74,219.22,120718417.0
1692144000000000000,228.02,225.38,233.97,225.6,112484520.0
1692057600000000000,238.73,232.61,240.5,232.96,88197599.0
1691971200000000000,235.7,233.75,240.66,239.76,98595331.0
1691712000000000000,241.77,238.02,243.79,242.65,99038642.0
1691625600000000000,245.4,243.0,251.8,245.34,109498608.0
1691539200000000000,250.87,241.9,251.1,242.19,101596324.0
1691452800000000000,247.45,245.01,250.92,249.7,96642183.0
1691366400000000000,251.45,242.76,253.6511,251.45,111097943.0
1691107200000000000,260.97,253.11,264.77,253.86,99539907.0
1691020800000000000,252.04,252.0,260.49,259.32,97829545.0
1690934400000000000,255.57,250.49,259.52,254.11,101752865.0
1690848000000000000,266.26,260.25,266.47,261.07,83645720.0
1690761600000000000,267.48,263.78,269.08,267.43,84582172.0
1690502400000000000,259.86,258.2312,267.25,266.44,111446026.0
1690416000000000000,268.31,255.3,269.13,255.71,103697263.0
1690329600000000000,263.25,261.75,268.04,264.35,95856177.0
1690243200000000000,272.38,265.0,272.9,265.28,112757327.0
1690156800000000000,255.85,254.12,269.85,269.06,137005037.0
1689897600000000000,268.0,255.8,268.0,260.02,161796073.0
1689811200000000000,279.56,261.2,280.93,262.9,175158273.0
1689724800000000000,296.04,289.5201,299.29,291.26,142355353.0
1689638400000000000,290.15,286.01,295.26,293.34,112434713.0
1689552000000000000,286.625,283.57,292.23,290.38,131569593.0
1689292800000000000,277.01,276.31,285.3,281.38,120062369.0
1689206400000000000,274.59,270.6,279.45,277.9,112681458.0
1689120000000000000,276.325,271.46,276.52,271.99,95672139.0
1689033600000000000,268.65,266.37,270.9,269.79,91972358.0
1688947200000000000,276.47,265.1,277.52,269.61,119425405.0
1688688000000000000,278.43,273.77,280.78,274.43,113879174.0
1688601600000000000,278.09,272.88,279.97,276.54,120707419.0
1688515200000000000,278.82,277.6,283.85,282.48,131530862.0
1688342400000000000,276.49,275.11,284.25,279.82,119685891.0
1688083200000000000,260.6,259.89,264.45,261.77,112620784.0
1687996800000000000,258.03,253.61,260.74,257.5,131283360.0
1687910400000000000,249.7,248.89,259.88,256.24,159770797.0
1687824000000000000,243.24,240.85,250.3899,250.21,164968214.0
1687737600000000000,250.065,240.7,258.37,241.05,179990552.0
1687478400000000000,259.29,252.8,262.45,256.6,177460803.0
1687392000000000000,250.77,248.25,265.0,264.61,166875944.0
1687305600000000000,275.13,257.78,276.99,259.46,211797109.0
1687219200000000000,261.5,261.12,274.75,274.45,165611217.0
1686873600000000000,258.92,257.2091,263.6,260.54,167915649.0
1686787200000000000,248.4,247.29,258.95,255.9,160171238.0
1686700800000000000,260.17,250.5,261.57,256.79,170575536.0
1686614400000000000,253.51,251.34,259.68,258.71,162384343.0
1686528000000000000,247.94,244.59,250.97,249.83,150740523.0
1686268800000000000,249.07,242.02,252.42,244.4,200242371.0
1686182400000000000,224.22,223.01,235.23,234.86,164489739.0
1686096000000000000,228.0,223.2,230.8296,224.57,185710777.0
1686009600000000000,216.14,212.53,221.91,221.31,146911576.0
1685923200000000000,217.8,214.52,221.29,217.61,151143052.0
1685664000000000000,210.15,209.752,217.25,213.97,164398372.0
1685577600000000000,202.59,199.37,209.8,207.52,148029931.0
1685491200000000000,199.78,195.12,203.95,203.93,150711736.0
1685404800000000000,200.1,197.53,204.48,201.16,128818746.0
1685059200000000000,184.62,184.53,198.6,193.17,162061496.0
1684972800000000000,186.54,180.58,186.78,184.47,96870719.0
1684886400000000000,182.23,178.22,184.22,182.9,137605054.0
1684800000000000000,186.2,185.26,192.96,185.77,156952130.0
1684713600000000000,180.7,180.11,189.32,188.87,132001430.0
1684454400000000000,177.17,176.31,181.95,180.14,136196668.0
1684368000000000000,174.22,172.45,177.06,176.89,109520332.0
1684281600000000000,168.41,167.185,174.5,173.86,125473558.0
1684195200000000000,165.65,164.35,169.5184,166.52,98288792.0
1684108800000000000,167.655,164.5499,169.76,166.35,105592510.0
1683849600000000000,176.07,167.23,177.38,167.98,157849625.0
1683763200000000000,168.7,166.79,173.57,172.08,103889930.0
1683676800000000000,172.55,166.68,174.43,168.54,119840693.0
1683590400000000000,168.95,166.56,169.82,169.15,88965043.0
1683504000000000000,173.72,169.19,173.8,171.79,112249449.0
1683244800000000000,163.97,163.51,170.7899,170.06,107607259.0
1683158400000000000,162.71,159.65,162.95,161.2,95108492.0
1683072000000000000,160.01,159.91,165.0,160.61,119727972.0
1682985600000000000,161.88,158.93,165.49,160.31,128259744.0
1682899200000000000,163.17,158.83,163.28,161.83,109015048.0
1682640000000000000,160.9,157.32,165.0,164.31,122515812.0
1682553600000000000,152.64,152.37,160.48,160.19,127015177.0
1682467200000000000,160.29,153.14,160.67,153.75,153364142.0
1682380800000000000,159.82,158.75,163.47,160.67,121999312.0
1682294400000000000,164.65,158.61,165.65,162.55,140006559.0
1682035200000000000,164.8,161.3208,166.0,165.08,123538954.0
1681948800000000000,166.165,160.56,169.7,162.99,210970819.0
1681862400000000000,179.1,177.65,183.5,180.59,125732687.0
1681776000000000000,187.15,183.5775,187.69,184.31,92067016.0
1681689600000000000,186.32,182.69,189.69,187.04,116662189.0
1681430400000000000,183.95,182.01,186.28,185.0,96438664.0
1681344000000000000,182.955,180.94,186.5,185.9,112932985.0
1681257600000000000,190.74,180.31,191.5846,180.54,150256278.0
1681171200000000000,186.69,185.6475,189.19,186.79,115770892.0
1681084800000000000,179.94,176.11,185.1,184.51,142154637.0
1680739200000000000,183.08,179.74,186.39,185.06,123857932.0
1680652800000000000,190.515,183.76,190.68,185.52,133882493.0
1680566400000000000,197.32,190.32,198.7446,192.58,126463845.0
1680480000000000000,199.91,192.2,202.6897,194.77,169545900.0
1680220800000000000,197.53,197.2,207.79,207.46,170222118.0
1680134400000000000,195.58,194.42,197.33,195.28,110252238.0
1680048000000000000,193.13,189.44,195.29,193.88,123660026.0
1679961600000000000,192.0,185.43,192.35,189.19,98654635.0
1679875200000000000,194.415,189.94,197.39,191.81,120851587.0
1679616000000000000,191.65,187.15,192.36,190.41,116531584.0
1679529600000000000,195.26,188.65,199.31,192.22,144193876.0
1679443200000000000,199.3,190.95,200.66,191.15,150376373.0
1679356800000000000,188.28,188.04,198.0,197.58,153391444.0
1679270400000000000,178.08,176.35,186.44,183.25,129684359.0
1679011200000000000,184.515,177.33,186.2199,180.13,133197140.0
1678924800000000000,180.365,178.84,185.81,184.13,121374453.0
1678838400000000000,180.8,176.03,182.34,180.45,145995583.0
1678752000000000000,177.31,177.1401,183.8,183.26,143717897.0
1678665600000000000,167.455,163.91,177.35,174.48,167790256.0
1678406400000000000,175.13,168.44,178.29,173.44,191488872.0
1678320000000000000,180.25,172.5124,185.18,172.92,170023794.0
1678233600000000000,185.04,180.0,186.5,182.0,151897763.0
1678147200000000000,191.38,186.1,194.2,187.71,148125790.0
1678060800000000000,198.54,192.3,198.6,193.81,128100106.0
1677801600000000000,194.795,192.88,200.48,197.79,154193277.0
1677715200000000000,186.74,186.01,193.7499,190.9,181979154.0
1677628800000000000,206.21,198.52,207.2,202.77,156852790.0
1677542400000000000,210.59,203.75,211.23,205.71,153144912.0
1677456000000000000,202.03,201.26,209.42,207.63,161028315.0
1677196800000000000,196.325,192.8,197.6695,196.88,142228105.0
1677110400000000000,203.91,196.33,205.14,202.07,146359950.0
1677024000000000000,197.93,191.78,201.99,200.86,191828457.0
1676937600000000000,204.99,197.22,209.71,197.37,180018588.0
1676592000000000000,199.985,197.5,208.44,208.31,213738549.0
1676505600000000000,210.78,201.84,217.65,202.04,229586538.0
1676419200000000000,211.755,206.11,214.66,214.24,182108581.0
1676332800000000000,191.94,189.44,209.82,209.25,216455708.0
1676246400000000000,194.415,187.61,196.3,194.64,172475452.0
1675987200000000000,202.225,192.89,206.2,196.89,204754129.0
1675900800000000000,207.775,204.77,214.0,207.32,215431442.0
1675814400000000000,196.1,194.31,203.0,201.29,180673644.0
1675728000000000000,196.43,189.55,197.5,196.81,186010325.0
1675641600000000000,193.01,189.92,198.17,194.76,186188131.0
1675382400000000000,183.95,183.69,199.0,189.98,232662023.0
1675296000000000000,187.325,182.61,196.7501,188.27,217448287.0
1675209600000000000,173.89,169.93,183.805,181.41,213806323.0
1675123200000000000,164.57,162.78,174.3,173.22,196813541.0
1675036800000000000,178.05,166.5,179.77,166.66,230878807.0
1674777600000000000,162.43,161.17,180.68,177.9,306590613.0
1674691200000000000,159.965,154.76,161.42,160.27,234815090.0
1674604800000000000,141.905,138.07,146.41,144.43,192734347.0
1674518400000000000,143.0,141.1,146.5,143.89,158699056.0
1674432000000000000,135.87,134.27,145.3793,143.75,203119211.0
1674172800000000000,128.68,127.3466,133.51,133.42,138858136.0
1674086400000000000,127.26,124.3082,129.99,127.17,170291880.0
1674000000000000000,136.555,127.01,136.68,128.78,195680318.0
1673913600000000000,125.695,125.02,131.7,131.49,186476985.0
1673568000000000000,116.55,115.6,122.63,122.4,180714119.0
1673481600000000000,122.56,117.0,124.1311,123.56,169400913.0
1673395200000000000,122.09,120.51,125.95,123.22,183810771.0
1673308800000000000,121.07,114.92,122.76,118.85,167642485.0
1673222400000000000,118.96,117.11,123.52,119.77,190283951.0
1672963200000000000,103.0,101.81,114.39,113.06,220911051.0
1672876800000000000,110.51,107.1601,111.75,110.34,157986324.0
1672790400000000000,109.11,107.52,114.59,113.64,180388976.0
1672704000000000000,118.47,104.64,118.8,108.1,231402818.0
1672358400000000000,119.95,119.75,124.48,123.18,157777339.0
1672272000000000000,120.385,117.495,123.57,121.82,221923313.0
1672185600000000000,110.35,108.24,116.27,112.71,221070537.0
1672099200000000000,117.495,108.76,119.67,109.1,208643444.0
1671753600000000000,126.37,121.02,128.6173,123.15,166989688.0
1671667200000000000,136.0,122.26,136.63,125.35,210090250.0
1671580800000000000,139.335,135.89,141.26,137.57,145417412.0
1671494400000000000,146.05,137.66,148.47,137.8,159563267.0
1671408000000000000,154.0,145.82,155.25,149.87,139390634.0
1671148800000000000,159.635,150.04,160.99,150.23,139032175.0
1671062400000000000,153.44,153.28,160.9299,157.67,122334459.0
1670976000000000000,159.25,155.31,161.62,156.8,140682338.0
1670889600000000000,174.87,156.91,175.05,160.95,175862722.0
1670803200000000000,176.1,167.52,177.37,167.82,109794471.0
1670544000000000000,173.84,173.36,182.5,179.05,104872336.0
1670457600000000000,172.2,169.06,175.2,173.44,97624491.0
1670371200000000000,175.03,172.218,179.38,174.04,84213284.0
1670284800000000000,181.215,175.33,183.65,179.82,92150823.0
1670198400000000000,189.44,180.55,191.27,182.45,93122667.0
1669939200000000000,191.78,191.11,196.25,194.86,73645922.0
1669852800000000000,197.08,191.8,198.92,194.7,80046213.0
1669766400000000000,182.43,180.6301,194.76,194.7,109186404.0
1669680000000000000,184.99,178.75,186.38,180.83,83357111.0
1669593600000000000,179.96,179.0,188.5,182.92,93038148.0
1669334400000000000,185.06,180.63,185.2,182.86,50672739.0
1669161600000000000,173.57,172.5,183.62,183.2,109536709.0
1669075200000000000,168.63,166.185,170.92,169.91,78452327.0
1668988800000000000,175.85,167.54,176.77,167.87,92882712.0
1668729600000000000,185.05,176.55,185.19,180.19,76048866.0
1668643200000000000,183.96,180.9,186.16,183.17,64335970.0
1668556800000000000,191.51,185.66,192.57,186.92,66567599.0
1668470400000000000,195.88,192.06,200.8237,194.42,91293785.0
1668384000000000000,192.77,186.34,195.73,190.95,92226649.0
1668124800000000000,186.0,182.59,196.52,195.97,114403575.0
1668038400000000000,189.9,180.03,191.0,190.72,132703015.0
1667952000000000000,190.775,177.12,195.89,177.59,127062659.0
1667865600000000000,194.02,186.75,195.2,191.3,128803404.0
1667779200000000000,208.65,196.66,208.9,197.08,93916520.0
1667520000000000000,222.6,203.08,223.8,207.47,98622212.0
1667433600000000000,211.36,210.14,221.2,215.31,56538848.0
1667347200000000000,226.04,214.82,227.8699,214.98,63070293.0
1667260800000000000,234.05,227.28,237.3951,227.82,62688822.0
1667174400000000000,226.19,221.94,229.85,227.54,61554341.0
1666915200000000000,225.4,216.35,228.86,228.52,69152386.0
1666828800000000000,229.77,222.85,233.81,225.09,61638824.0
1666742400000000000,219.4,218.2,230.6,224.64,85327078.0
1666656000000000000,210.1,210.0,224.3498,222.415,96507870.0
1666569600000000000,205.82,198.5863,213.5,211.25,100446765.0
1666310400000000000,206.415,203.8,214.66,214.44,75713754.0
1666224000000000000,208.28,202.0,215.55,207.28,117798062.0
1666137600000000000,219.8,217.78,222.93,222.04,66571479.0
1666051200000000000,229.5,217.25,229.82,220.19,75891905.0
1665964800000000000,210.04,209.45,221.86,219.35,79428810.0
1665705600000000000,224.01,204.16,226.26,204.99,94124511.0
1665619200000000000,208.3,206.22,222.99,221.72,91483045.0
1665532800000000000,215.33,211.51,219.2999,217.24,66860699.0
1665446400000000000,220.945,215.0,225.75,216.5,77013202.0
1665360000000000000,223.93,218.3582,226.99,222.96,67925018.0
1665100800000000000,233.935,222.02,234.5715,223.07,83916800.0
1665014400000000000,239.44,235.35,244.58,238.13,69298437.0
1664928000000000000,245.01,233.27,246.6697,240.81,86982673.0
1664841600000000000,250.52,242.01,257.5,249.44,109578535.0
1664755200000000000,254.5,241.01,255.16,242.4,98363541.0
1664496000000000000,266.145,262.47,275.57,265.25,67726598.0
1664409600000000000,282.76,265.78,283.65,268.21,77620642.0
1664323200000000000,283.08,277.57,289.0,287.81,54664809.0
1664236800000000000,283.84,277.51,288.67,282.94,61925185.0
1664150400000000000,271.83,270.31,284.09,276.01,58076913.0
1663891200000000000,283.09,272.82,284.5,275.33,63748362.0
1663804800000000000,299.86,285.82,301.29,288.59,70545413.0
1663718400000000000,308.29,300.63,313.8,300.8,62555656.0
1663632000000000000,306.91,305.58,313.33,308.73,61642783.0
1663545600000000000,300.09,297.8,309.84,309.07,60231156.0
1663286400000000000,299.605,295.6005,303.71,303.35,87087786.0
1663200000000000000,301.825,300.7247,309.12,303.75,64795523.0
1663113600000000000,292.24,291.64,306.0,302.61,72628653.0
1663027200000000000,292.9,290.4,297.3999,292.13,68229619.0
1662940800000000000,300.72,300.4,305.49,304.42,48674604.0
1662681600000000000,291.67,291.245,299.85,299.68,54470854.0
1662595200000000000,281.3,279.76,289.5,289.26,53713124.0
1662508800000000000,273.1,272.27,283.84,283.7,50028916.0
1662422400000000000,272.675,265.74,275.99,274.42,55859984.0
1662076800000000000,281.065,269.08,282.35,270.21,50890090.0
1661990400000000000,272.575,266.15,277.58,277.16,54287024.0
1661904000000000000,280.62,271.81,281.25,275.61,52107337.0
1661817600000000000,287.865,272.65,288.48,277.7,50541759.0
1661731200000000000,282.83,280.7,287.74,284.82,41864742.0
1661472000000000000,297.43,287.47,302.0,288.09,57163947.0
1661385600000000000,302.36,291.6,302.96,296.07,53230013.0
1661299200000000000,297.5633,296.5,303.6467,297.0967,57259716.00000006
1661212800000000000,291.453,287.923,298.827,296.453,63985044.00000007
1661126400000000000,291.913,286.297,292.4,289.913,55843347.00000006
1660867200000000000,299.0,292.5,300.36,296.667,61395387.00000007
1660780800000000000,306.0,301.853,306.5,302.87,47500536.00000005
1660694400000000000,303.397,300.033,309.657,303.997,68765970.00000007
1660608000000000000,311.667,302.883,314.667,306.563,88136322.00000009
1660521600000000000,301.787,301.23,313.133,309.32,89359167.00000009
1660262400000000000,289.415,285.033,300.16,300.03,79657287.00000009
1660176000000000000,296.513,285.833,298.237,286.63,70155045.00000007
1660089600000000000,297.067,283.37,297.51,294.357,94918872.0000001
1660003200000000000,290.293,279.353,292.397,283.333,86244681.00000009
1659916800000000000,295.0,289.085,305.2,290.423,99365274.0000001
1659657600000000000,302.67,285.545,304.607,288.17,113172897.00000012
1659571200000000000,311.0,305.0,313.607,308.633,72256317.00000007
1659484800000000000,305.0,301.15,309.55,307.397,80091105.00000009
1659398400000000000,294.003,292.667,307.833,300.587,95577468.0000001
1659312000000000000,301.275,295.0,311.878,297.277,117042888.00000012
1659052800000000000,280.7,279.1,298.32,297.15,95312883.0000001
1658966400000000000,280.067,272.8,283.3,280.9,84722991.00000009
1658880000000000000,263.81,261.79,275.926,274.82,88109988.00000009
1658793600000000000,266.513,256.263,267.31,258.86,66820758.00000007
1658707200000000000,272.217,267.4,274.147,268.433,64073505.00000007
1658448000000000000,276.22,270.713,280.787,272.243,103472847.0000001
1658361600000000000,255.107,254.867,273.267,271.707,142032177.00000015
1658275200000000000,246.783,243.483,250.663,247.5,88864089.00000009
1658188800000000000,245.0,236.977,247.14,245.53,80890110.00000009
1658102400000000000,244.937,239.603,250.517,240.547,82537428.00000009
1657843200000000000,240.0,236.89,243.623,240.067,69683019.00000007
1657756800000000000,234.897,229.333,238.653,238.313,78557499.00000009
1657670400000000000,225.5,225.033,242.06,237.04,97954497.0000001
1657584000000000000,236.847,228.368,239.773,233.07,87930960.00000009
1657497600000000000,252.103,233.627,253.063,234.343,99509220.0000001
1657238400000000000,242.333,241.161,254.98,250.763,101854086.0000001
1657152000000000000,233.92,232.21,245.362,244.543,81930690.00000009
1657065600000000000,230.78,227.187,234.563,231.733,71853630.00000007
1656979200000000000,223.0,216.167,233.147,233.067,84779112.00000009
1656633600000000000,227.0,222.12,230.23,227.263,74460444.00000007
1656547200000000000,224.51,218.863,229.457,224.473,94600452.0000001
1656460800000000000,230.5,222.273,231.173,228.49,82897254.00000009
1656374400000000000,244.483,232.343,249.97,232.663,90666501.00000007
1656288000000000000,249.367,242.566,252.07,244.92,89178312.00000009
1656028800000000000,237.468,236.087,246.067,245.707,95770695.0000001
1655942400000000000,237.905,228.637,239.317,235.07,104202678.0000001
1655856000000000000,234.503,233.827,246.833,236.087,101527260.0000001
1655769600000000000,224.603,224.333,243.577,237.037,122792955.00000012
1655424000000000000,213.433,213.197,220.969,216.76,92641770.0000001
1655337600000000000,222.737,208.693,225.167,213.1,107390700.00000012
1655251200000000000,220.917,218.15,235.663,233.0,119131935.00000012
1655164800000000000,218.287,211.737,226.33,220.89,97988796.0000001
1655078400000000000,223.167,214.683,226.633,215.737,102767262.0000001
1654819200000000000,235.157,227.913,239.5,232.23,98090898.0000001
1654732800000000000,249.34,239.327,255.547,239.707,96491307.0000001
1654646400000000000,240.087,239.177,249.963,241.867,76210620.00000007
1654560000000000000,234.0,230.093,239.997,238.887,72808602.00000007
1654473600000000000,244.353,234.35,244.867,238.28,84204522.00000009
1654214400000000000,243.225,233.418,247.797,234.517,112393737.00000012
1654128000000000000,244.157,242.067,264.21,258.333,93473118.0000001
1654041600000000000,251.72,243.64,257.327,246.79,77247963.00000007
1653955200000000000,257.947,244.743,259.6,252.753,101914371.0000001
1653609600000000000,241.083,240.177,253.267,253.21,89294982.00000009
1653523200000000000,220.473,217.887,239.557,235.91,106003344.00000012
1653436800000000000,207.95,207.67,223.107,219.6,92139324.0000001
1653350400000000000,217.843,206.857,217.973,209.387,89092515.00000009
1653264000000000000,218.34,212.687,226.652,224.967,88903638.00000009
1653004800000000000,237.997,211.0,240.527,221.3,144973305.00000015
1652918400000000000,235.667,231.37,244.667,236.473,90296673.00000007
1652832000000000000,248.173,233.603,253.5,236.603,87811812.00000009
1652745600000000000,249.12,242.95,254.827,253.87,80236110.00000009
1652659200000000000,255.72,239.696,256.587,241.457,86098539.00000009
1652400000000000000,257.827,250.522,262.45,256.53,92150724.0000001
1652313600000000000,233.667,226.667,253.22,242.667,140312862.00000015
1652227200000000000,265.0,242.4,269.923,244.667,97224459.0000001
1652140800000000000,273.103,258.083,275.12,266.68,84401631.00000009
1652054400000000000,278.817,260.383,281.877,262.37,90810222.00000007
1651795200000000000,295.667,281.035,296.0,288.55,72903111.00000007
1651708800000000000,313.07,285.9,315.2,291.093,92519193.0000001
1651622400000000000,301.313,295.093,318.5,317.54,81643704.00000009
1651536000000000000,301.06,296.197,308.027,303.083,63709575.00000007
1651449600000000000,286.923,282.677,302.12,300.98,75781371.00000007
1651190400000000000,300.75,290.0,311.467,290.253,88132995.00000009
1651104000000000000,299.993,273.9,300.0,292.503,124948527.00000012
1651017600000000000,299.527,292.453,306.0,293.837,76956396.00000007
1650931200000000000,331.81,291.667,333.333,292.14,136133667.00000015
1650844800000000000,326.323,325.1,336.207,332.673,68341335.00000007
1650585600000000000,338.303,331.333,344.95,335.017,69696558.00000007
1650499200000000000,358.243,332.138,364.073,336.26,105416337.0000001
1650412800000000000,343.333,325.083,344.667,325.733,70711326.00000007
1650326400000000000,335.02,331.775,344.98,342.717,49847832.00000005
1650240000000000000,329.677,324.47,338.307,334.763,51715221.00000005
1649894400000000000,333.097,327.397,337.57,328.333,58422405.00000006
1649808000000000000,327.025,324.366,342.08,340.79,55121211.00000006
1649721600000000000,332.547,325.533,340.397,328.983,65976096.00000007
1649635200000000000,326.8,324.88,336.156,325.31,59357205.00000006
1649376000000000000,347.737,340.812,349.48,341.83,55013688.00000006
1649289600000000000,350.797,340.513,358.863,352.42,79447059.00000009
1649203200000000000,357.823,342.567,359.667,348.587,89348535.00000009
1649116800000000000,378.767,362.433,384.29,363.753,80075019.00000009
1649030400000000000,363.127,357.51,383.303,381.817,82177701.00000009
1648771200000000000,360.383,355.547,364.917,361.53,54263223.00000006
1648684800000000000,364.857,358.88,367.713,359.2,48992757.00000005
1648598400000000000,363.723,361.333,371.317,364.663,59865006.00000006
1648512000000000000,369.33,357.703,371.59,366.523,73614819.00000007
1648425600000000000,355.033,351.2,365.96,363.947,102506079.0000001
1648166400000000000,336.0,332.44,340.6,336.88,62031546.00000007
1648080000000000000,336.577,329.6,341.497,337.973,68920878.00000007
1647993600000000000,326.647,325.467,346.9,333.037,120676149.00000012
1647907200000000000,310.0,307.25,332.62,331.327,105868557.0000001
1647820800000000000,304.993,302.363,314.283,307.053,81981648.00000009
1647561600000000000,291.497,289.13,302.617,301.797,100414191.0000001
1647475200000000000,276.997,275.239,291.667,290.533,66582972.00000007
1647388800000000000,269.667,267.42,280.667,280.077,84028821.00000009
1647302400000000000,258.423,252.19,268.523,267.297,66841143.00000007
1647216000000000000,260.203,252.013,266.9,255.457,71152263.00000007
1646956800000000000,280.066,264.59,281.267,265.117,67037166.00000007
1646870400000000000,283.817,270.12,284.817,279.433,58648644.00000006
1646784000000000000,279.827,277.337,286.853,286.323,59183979.00000006
1646697600000000000,265.177,260.723,283.33,274.8,80399106.00000009
1646611200000000000,285.433,268.19,288.713,268.193,72494172.00000007
1646352000000000000,283.033,275.054,285.217,279.43,67179861.00000007
1646265600000000000,292.923,277.533,295.48,279.763,61623507.00000007
1646179200000000000,290.71,281.424,295.493,293.297,74643438.00000007
1646092800000000000,289.893,284.593,296.627,288.123,74766861.00000007
1646006400000000000,271.67,271.569,292.287,290.143,99006867.0000001
1645747200000000000,269.743,260.8,273.167,269.957,76067763.00000007
1645660800000000000,233.463,233.333,267.493,266.923,135322275.00000015
1645574400000000000,276.81,253.52,278.433,254.68,95257008.0000001
1645488000000000000,278.043,267.033,285.578,273.843,83288202.00000009
1645142400000000000,295.333,279.203,295.623,285.66,68501841.00000007
1645056000000000000,304.42,291.367,306.167,292.117,55178418.00000006
1644969600000000000,304.683,300.403,308.81,307.797,51294396.00000005
1644883200000000000,300.0,297.793,307.667,307.477,57649542.00000006
1644796800000000000,287.19,284.383,299.627,291.92,67756416.00000007
1644537600000000000,303.21,283.567,305.32,286.667,79645869.00000009
1644451200000000000,302.79,298.9,314.603,301.517,66126831.00000007
1644364800000000000,311.667,306.667,315.423,310.667,52259544.00000005
1644278400000000000,301.843,298.267,308.763,307.333,50729013.00000005
1644192000000000000,307.93,300.903,315.923,302.447,60994464.00000007
1643932800000000000,299.073,293.723,312.167,307.773,73625466.00000007
1643846400000000000,294.0,293.507,312.333,297.047,78855558.00000009
1643760000000000000,309.393,296.47,310.5,301.887,66793035.00000007
1643673600000000000,311.737,301.667,314.567,310.417,73138338.00000007
1643587200000000000,290.903,287.35,312.663,312.24,104436096.0000001
1643328000000000000,277.187,264.003,285.833,282.117,134788950.00000015
1643241600000000000,311.12,276.333,311.797,276.367,147109569.00000015
1643155200000000000,317.477,302.0,329.23,312.47,104867283.0000001
1643068800000000000,304.733,301.07,317.087,306.133,86595906.00000009
1642982400000000000,301.587,283.823,311.171,310.0,152375142.00000015
1642723200000000000,332.113,313.5,334.85,314.633,103416027.0000001
1642636800000000000,336.577,331.333,347.22,332.09,70488744.00000007
1642550400000000000,347.235,331.667,351.557,331.883,75442488.00000007
1642464000000000000,342.202,338.687,356.93,343.503,66989409.00000007
1642118400000000000,339.96,337.793,350.667,349.87,72924411.00000007
1642032000000000000,369.688,342.18,371.867,343.853,97209792.0000001
1641945600000000000,359.617,357.53,371.613,368.74,83739015.00000009
1641859200000000000,351.223,346.273,358.617,354.8,66063210.00000007
1641772800000000000,333.333,326.667,353.033,352.707,91814877.00000007
1641513600000000000,360.123,336.667,360.31,342.32,84164748.00000009
1641427200000000000,359.0,340.167,362.667,354.9,90336474.00000007
1641340800000000000,382.217,360.337,390.113,362.707,80119797.00000009
1641254400000000000,396.517,374.35,402.667,383.197,100248258.0000001
1641168000000000000,382.583,378.68,400.357,399.927,104686047.0000001
1640908800000000000,357.815,351.53,360.667,352.26,40733625.000000045
1640822400000000000,353.777,351.05,365.183,356.78,47040939.00000005
1640736000000000000,366.213,354.713,368.0,362.063,56154045.00000006
1640649600000000000,369.83,359.473,373.0,362.823,60323907.00000007
1640563200000000000,357.89,356.905,372.333,364.647,71145819.00000007
1640217600000000000,335.6,332.52,357.659,355.667,92713287.0000001
1640131200000000000,321.887,319.017,338.553,336.29,93634086.0000001
1640044800000000000,305.623,295.373,313.167,312.843,71517915.00000007
1639958400000000000,303.567,297.797,307.23,299.98,56480013.00000006
1639699200000000000,304.923,303.013,320.22,310.857,100880262.0000001
1639612800000000000,331.5,307.283,331.66,308.973,82771449.00000009
1639526400000000000,317.737,309.417,326.25,325.33,75169230.00000007
1639440000000000000,315.0,310.0,322.137,319.503,70806270.00000007
1639353600000000000,333.697,317.14,335.0,322.137,78595506.00000009
1639094400000000000,336.25,327.51,340.327,339.01,59664366.00000006
1639008000000000000,353.547,334.12,354.163,334.6,59438496.00000006
1638921600000000000,350.903,344.333,357.46,356.32,41906370.000000045
1638835200000000000,348.067,342.27,352.558,350.583,56084571.00000006
1638748800000000000,333.837,316.833,340.547,336.337,81663111.00000009
1638489600000000000,361.597,333.403,363.525,338.323,92321985.0000001
1638403200000000000,366.353,352.217,371.0,361.533,73114869.00000007
1638316800000000000,386.898,363.587,390.947,365.0,68804094.00000007
1638230400000000000,381.457,372.667,389.333,381.587,81276114.00000009
1638144000000000000,366.997,366.73,380.89,378.997,58393401.00000006
1637884800000000000,366.49,360.333,369.594,360.64,35042670.00000004
1637712000000000000,360.13,354.0,377.59,372.0,67680714.00000007
1637625600000000000,389.17,354.233,393.5,369.677,108515100.00000012
1637539200000000000,387.443,377.477,400.65,385.623,99217527.0000001
1637280000000000000,366.29,364.233,379.573,379.02,64926774.00000007
1637193600000000000,368.85,358.34,370.667,365.46,62696790.00000007
1637107200000000000,354.503,351.833,373.213,363.003,94336095.0000001
1637020800000000000,334.437,334.06,352.4,351.577,79627077.00000009
1636934400000000000,339.21,326.2,343.993,337.797,104326947.0000001
1636675200000000000,349.167,339.733,351.5,344.473,76719444.00000007
1636588800000000000,367.59,351.56,368.323,354.503,67189704.00000007
1636502400000000000,336.803,329.103,359.367,355.983,128408166.00000012
1636416000000000000,391.2,337.173,391.5,341.167,177317508.00000018
1636329600000000000,383.262,377.667,399.0,387.647,100337145.0000001
1636070400000000000,409.333,402.667,413.29,407.363,64886436.00000007
1635984000000000000,411.47,405.667,414.497,409.97,76192230.00000007
1635897600000000000,392.443,384.207,405.13,404.62,103885557.0000001
1635811200000000000,386.452,382.0,402.863,390.667,128213391.00000012
1635724800000000000,381.667,372.887,403.25,402.863,168146148.00000018
1635465600000000000,360.62,357.735,371.737,371.333,89755251.00000009
1635379200000000000,356.102,351.4,360.333,359.013,81639519.00000009
1635292800000000000,346.553,343.593,356.96,345.953,115579377.00000012
1635206400000000000,341.563,333.813,364.98,339.477,187244904.0000002
1635120000000000000,316.843,314.733,348.34,341.62,188556297.0000002
1634860800000000000,298.5,296.987,303.333,303.227,68642505.00000007
1634774400000000000,285.333,285.168,300.0,298.0,94444362.0000001
1634688000000000000,288.45,285.793,289.83,288.6,42096156.000000045
1634601600000000000,292.51,287.503,292.65,288.09,52143384.00000005
1634515200000000000,283.93,283.823,291.753,290.037,72621732.00000007
1634256000000000000,274.58,274.117,281.07,281.01,56773701.00000006
1634169600000000000,271.83,271.117,273.417,272.773,36741510.00000004
1634083200000000000,270.157,268.593,271.803,270.36,42360225.000000045
1633996800000000000,266.977,265.523,270.773,268.573,66060120.00000007
1633910400000000000,262.55,261.833,267.08,263.98,42600966.000000045
1633651200000000000,265.403,260.303,265.46,261.83,50215812.00000005
1633564800000000000,261.82,261.127,268.333,264.537,57587346.00000006
1633478400000000000,258.733,257.74,262.22,260.917,43898304.000000045
1633392000000000000,261.599,258.067,265.77,260.197,55297875.00000006
1633305600000000000,265.5,258.707,268.99,260.51,91450023.00000007
1633046400000000000,259.467,254.53,260.26,258.407,51094242.00000005
1632960000000000000,260.333,258.333,263.044,258.493,53867883.00000006
1632873600000000000,259.933,256.893,264.5,260.437,62828631.00000007
1632787200000000000,262.4,255.393,265.213,259.187,76144266.00000007
1632700800000000000,257.707,256.437,266.333,263.787,84211971.00000009
1632441600000000000,248.63,248.187,258.267,258.13,64119066.00000007
1632355200000000000,251.667,249.307,252.733,251.213,35842581.00000004
1632268800000000000,247.842,246.373,251.223,250.647,45378816.000000045
1632182400000000000,244.93,243.48,248.247,246.46,48992169.00000005
1632096000000000000,244.853,239.542,247.333,243.39,74272956.00000007
1631836800000000000,252.383,250.0,253.68,253.163,84612528.00000009
1631750400000000000,250.943,249.203,252.97,252.33,41770179.000000045
1631664000000000000,248.333,246.12,252.287,251.943,46073055.00000005
1631577600000000000,247.523,245.467,251.49,248.163,55574643.00000006
1631491200000000000,246.738,236.283,248.26,247.667,68857446.00000007
1631232000000000000,253.2,244.84,254.203,245.423,45552510.000000045
1631145600000000000,251.137,250.543,254.033,251.62,42233193.000000045
1631059200000000000,253.86,246.924,254.817,251.29,56379108.00000006
1630972800000000000,246.667,246.42,253.4,250.973,60119475.00000007
1630627200000000000,244.083,241.4,244.667,244.523,45813135.000000045
1630540800000000000,244.833,243.513,246.99,244.13,38390217.00000004
1630454400000000000,244.693,243.757,247.33,244.697,39613005.000000045
1630368000000000000,244.333,242.147,246.797,245.24,62566308.00000007
1630281600000000000,238.238,237.577,243.667,243.637,55812660.00000006
1630022400000000000,235.0,234.033,238.333,237.307,41501289.000000045
1629936000000000000,236.103,232.54,238.467,233.72,39642876.000000045
1629849600000000000,235.677,234.667,238.99,237.067,37936686.00000004
1629763200000000000,236.893,234.213,238.407,236.163,39249213.000000045
1629676800000000000,228.481,226.917,237.377,235.433,60794577.00000007
1629417600000000000,227.617,224.567,230.71,226.753,44525595.000000045
1629331200000000000,226.07,222.53,228.85,224.49,42940458.000000045
1629244800000000000,223.249,223.117,231.923,229.663,61048125.00000007
1629158400000000000,224.22,216.28,224.86,221.903,71163837.00000007
1629072000000000000,235.023,225.467,236.5,228.723,69309909.00000007
1628812800000000000,241.237,238.113,243.3,239.057,50194401.00000005
1628726400000000000,235.447,233.133,240.933,240.75,53045058.00000006
1628640000000000000,237.57,234.737,238.393,235.94,29401674.00000003
1628553600000000000,237.997,233.96,238.863,236.663,40296915.000000045
1628467200000000000,236.723,235.043,239.677,237.92,44146047.000000045
1628208000000000000,237.3,232.543,238.777,233.033,46869147.00000005
1628121600000000000,238.667,237.137,240.317,238.21,38758911.00000004
1628035200000000000,237.0,236.31,241.633,236.973,51007941.00000005
1627948800000000000,239.667,233.67,240.883,236.58,64860759.00000007
1627862400000000000,233.333,232.8,242.313,236.557,100847295.0000001
1627603200000000000,223.919,223.0,232.51,229.067,88969233.00000009
1627516800000000000,216.597,216.267,227.897,225.783,91183911.00000007
1627430400000000000,215.665,213.133,218.323,215.66,48019788.00000005
1627344000000000000,221.133,209.08,222.167,214.927,98439870.0000001
1627257600000000000,216.99,215.703,222.733,219.207,76009668.00000007
1626998400000000000,215.453,212.433,216.267,214.46,43814832.000000045
1626912000000000000,218.814,214.867,220.723,216.42,45317181.000000045
1626825600000000000,219.87,216.763,221.62,218.43,41860014.000000045
1626739200000000000,217.33,213.5,220.797,220.167,46461381.00000005
1626652800000000000,209.963,207.097,215.733,215.407,63891270.00000007
1626393600000000000,218.227,214.067,218.9,214.74,49112910.00000005
1626307200000000000,219.463,212.627,222.047,216.867,60628713.00000007
1626220800000000000,223.583,217.613,226.203,217.793,64923570.00000007
1626134400000000000,228.773,222.099,231.093,222.847,62898276.00000007
1626048000000000000,220.733,220.72,229.08,228.567,77781126.00000009
1625788800000000000,217.728,214.897,219.637,218.983,54421644.00000006
1625702400000000000,209.457,206.82,218.143,217.603,68319948.00000007
1625616000000000000,221.423,212.773,221.9,214.883,56375880.00000006
1625529600000000000,227.237,217.133,228.0,219.86,69853350.00000007
1625184000000000000,226.327,224.42,233.333,226.3,81292122.00000009
1625097600000000000,227.973,224.267,229.33,225.973,55903566.00000006
1625011200000000000,226.59,226.047,230.937,226.567,56774586.00000006
1624924800000000000,228.217,225.297,229.17,226.92,52143939.00000005
1624838400000000000,223.88,223.44,231.567,229.573,64884477.00000007
1624579200000000000,229.86,222.9,231.27,223.957,97490121.0000001
1624492800000000000,224.997,222.537,232.54,226.607,137947158.00000015
1624406400000000000,210.667,210.013,219.068,218.857,93297684.0000001
1624320000000000000,206.083,205.167,209.523,207.903,57476676.00000006
1624233600000000000,208.16,202.96,210.463,206.943,74438223.00000007
1623974400000000000,204.457,203.933,209.45,207.77,73682715.00000007
1623888000000000000,200.629,200.447,207.157,205.533,68104050.00000007
1623801600000000000,199.178,197.833,202.833,201.623,66432381.00000007
1623715200000000000,205.563,199.41,205.597,199.787,53292435.00000006
1623628800000000000,204.077,203.06,208.497,205.897,61271949.00000007
1623369600000000000,203.41,200.507,204.187,203.297,48615909.00000005
1623283200000000000,201.293,200.167,205.53,203.373,71758818.00000007
1623196800000000000,200.723,199.21,203.93,199.593,49753698.00000005
1623110400000000000,207.67,198.5,207.697,201.197,78160215.00000009
1623024000000000000,197.275,194.293,203.333,201.71,67631046.00000007
1622764800000000000,193.237,192.4,200.203,199.683,72110688.00000007
1622678400000000000,200.6,190.407,201.517,190.947,90335679.00000007
1622592000000000000,206.71,199.713,207.787,201.707,69908337.00000007
1622505600000000000,209.267,206.85,211.267,207.967,54254670.00000006
1622160000000000000,209.5,207.46,211.863,208.407,68211114.00000007
1622073600000000000,206.747,205.403,210.377,210.283,79111779.00000009
1621987200000000000,202.52,200.5,208.723,206.377,85917915.00000009
1621900800000000000,202.437,198.57,204.663,201.563,84017799.00000009
1621814400000000000,193.867,191.217,204.827,202.147,103674267.0000001
1621555200000000000,198.703,193.333,198.893,193.627,78091785.00000009
1621468800000000000,191.667,190.357,196.283,195.593,92463357.0000001
1621382400000000000,184.183,182.327,188.737,187.82,118735185.00000012
1621296000000000000,189.333,187.793,198.75,192.623,110491701.00000012
1621209600000000000,191.851,187.067,196.577,192.277,97171080.0000001
1620950400000000000,194.47,190.153,197.623,196.58,100112568.0000001
1620864000000000000,200.515,186.55,202.153,190.563,132554748.00000012
1620777600000000000,200.83,195.588,206.803,196.63,101470938.0000001
1620691200000000000,199.747,198.533,209.033,205.733,139511688.00000015
1620604800000000000,221.633,209.203,221.683,209.68,94177251.0000001
1620345600000000000,221.933,220.073,230.0,224.123,70407516.00000007
1620259200000000000,226.92,216.667,227.007,221.18,83353857.00000009
1620172800000000000,227.02,222.447,228.432,223.647,65705682.00000007
1620086400000000000,226.313,219.234,227.816,224.533,89217957.00000009
1620000000000000000,234.6,226.833,235.333,228.3,81129429.00000009
1619740800000000000,222.53,222.047,238.49,236.48,122276166.00000012
1619654400000000000,233.17,222.833,234.083,225.667,86536347.00000009
1619568000000000000,232.137,231.2,236.167,231.467,66813141.00000007
1619481600000000000,239.32,234.45,241.333,234.913,88310985.00000009
1619395200000000000,247.0,244.202,249.767,246.067,93115506.0000001
1619136000000000000,239.933,238.487,245.787,243.133,85241667.00000009
1619049600000000000,247.167,239.347,251.257,239.897,106770765.00000012
1618963200000000000,234.923,232.667,248.28,248.04,93646542.0000001
1618876800000000000,239.14,236.895,245.75,239.663,106827114.00000012
1618790400000000000,239.867,230.6,241.8,238.21,119058678.00000012
1618531200000000000,242.883,241.533,249.803,246.593,83938578.00000009
1618444800000000000,247.7,240.437,247.897,246.283,83546700.00000009
1618358400000000000,256.9,242.677,260.263,244.077,147052302.00000015
1618272000000000000,237.567,236.887,254.333,254.107,133958424.00000012
1618185600000000000,228.567,227.363,234.933,233.993,87407010.00000009
1617926400000000000,225.923,223.143,226.99,225.673,64311261.00000007
1617840000000000000,225.793,223.882,229.85,227.933,71772987.00000007
1617753600000000000,229.0,222.613,230.46,223.657,78928299.00000009
1617667200000000000,230.1,227.123,232.183,230.54,84815517.00000009
1617580800000000000,235.903,228.233,236.053,230.35,125528301.00000012
1617235200000000000,229.457,219.807,230.807,220.583,105895134.0000001
1617148800000000000,215.54,213.703,224.0,222.643,100011864.0000001
1617062400000000000,200.583,197.003,212.553,211.873,118297077.00000012
1616976000000000000,205.213,198.673,205.493,203.763,85910955.00000009
1616716800000000000,213.957,199.963,214.607,206.237,101558481.0000001
1616630400000000000,204.333,203.167,215.167,213.463,117674550.00000012
1616544000000000000,222.637,210.037,222.673,210.09,101385522.0000001
1616457600000000000,225.257,219.17,225.933,220.72,91475610.00000007
1616371200000000000,228.197,222.917,233.207,223.333,118536663.00000012
1616112000000000000,215.533,208.207,219.077,218.29,128681934.00000012
1616025600000000000,228.097,217.333,229.743,217.72,100107066.0000001
1615939200000000000,218.957,217.003,234.577,233.937,121117359.00000012
1615852800000000000,234.45,223.667,235.973,225.627,96587016.0000001
1615766400000000000,231.363,228.013,237.727,235.98,88270437.00000009
1615507200000000000,223.333,222.047,231.627,231.243,100751520.0000001
1615420800000000000,233.133,225.727,234.167,233.2,108761676.00000012
1615334400000000000,233.433,218.353,239.283,222.687,181817016.00000012
1615248000000000000,202.727,198.403,226.03,224.527,202569984.0000002
1615161600000000000,200.183,186.263,206.708,187.667,155360874.00000015
1614902400000000000,208.687,179.83,209.281,199.317,268189377.00000027
1614816000000000000,218.6,200.0,291.313,207.147,197758590.0000002
1614729600000000000,229.33,217.235,233.567,217.733,90623880.00000007
1614643200000000000,239.427,228.333,240.37,228.813,71196474.00000007
1614556800000000000,230.037,228.35,290.667,239.477,81408717.00000009
1614297600000000000,233.333,219.837,235.567,225.167,123267519.00000012
1614211200000000000,242.05,223.527,245.736,227.407,117071565.00000012
1614124800000000000,237.283,231.39,248.333,247.34,110300850.00000012
1614038400000000000,220.71,206.333,237.87,232.947,199820646.0000002
1613952000000000000,254.213,236.733,256.167,238.167,111809148.00000012
1613692800000000000,265.0,259.123,265.597,260.433,56874765.00000006
1613606400000000000,260.3,258.757,264.897,262.46,53871174.00000006
1613520000000000000,259.697,254.003,266.613,266.05,78236694.00000009
1613433600000000000,272.667,264.147,273.667,265.407,59406972.00000006
1613088000000000000,267.087,261.777,272.443,272.04,71304939.00000007
1613001600000000000,270.813,267.242,276.627,270.553,64868259.00000007
1612915200000000000,281.212,266.673,281.607,268.273,108648270.00000012
1612828800000000000,285.04,280.583,286.6,283.153,45472953.000000045
1612742400000000000,289.89,284.917,292.59,287.807,60485157.00000007
1612483200000000000,281.667,279.657,288.257,284.077,55699911.00000006
1612396800000000000,285.0,277.807,285.5,283.33,47437983.00000005
1612310400000000000,292.34,284.355,292.693,284.897,55030530.00000006
1612224000000000000,281.56,280.734,293.5,290.93,73038639.00000007
1612137600000000000,271.43,265.187,280.667,279.937,76174155.00000007
1611878400000000000,276.667,260.033,280.803,264.51,104972262.0000001
1611792000000000000,273.333,267.0,282.667,278.477,79134144.00000009
1611705600000000000,290.117,286.22,297.167,288.053,82001865.00000009
1611619200000000000,297.127,290.533,298.633,294.363,69394809.00000007
1611532800000000000,285.0,279.607,300.133,293.6,123520191.00000012
1611273600000000000,278.103,276.207,282.667,282.213,60199491.00000007
1611187200000000000,285.0,280.473,285.24,281.663,61794399.00000007
1611100800000000000,286.247,279.093,286.5,283.483,76997649.00000007
1611014400000000000,279.267,277.667,283.333,281.517,76100940.00000007
1610668800000000000,284.0,273.033,286.633,275.387,116332788.00000012
1610582400000000000,281.13,279.583,287.667,281.667,93798981.0000001
1610496000000000000,284.253,277.333,286.823,284.803,99937488.0000001
1610409600000000000,277.0,275.78,289.333,283.147,138812160.00000015
1610323200000000000,283.133,267.874,284.81,270.397,178662438.00000018
1610064000000000000,285.333,279.463,294.83,293.34,225166584.00000024
1609977600000000000,259.21,258.4,272.33,272.013,154496844.00000015
1609891200000000000,252.83,249.7,258.0,251.993,134099895.00000012
1609804800000000000,241.22,239.733,246.947,245.037,96735495.0000001
1609718400000000000,239.82,239.063,248.163,243.257,145914567.00000015
1609372800000000000,233.33,230.373,239.573,235.223,148949784.00000015
1609286400000000000,224.0,222.787,232.2,231.593,128538063.00000012
1609200000000000000,220.333,218.333,223.3,221.997,68732433.00000007
1609113600000000000,224.837,220.267,227.133,221.23,96835683.0000001
1608768000000000000,214.33,213.667,222.03,220.59,68596704.00000007
1608681600000000000,210.733,207.523,217.167,215.327,99518916.0000001
1608595200000000000,216.0,204.743,216.627,213.447,155584932.00000018
1608508800000000000,222.08,215.357,222.833,216.62,174135792.00000018
1608249600000000000,222.967,209.513,231.667,231.667,666378582.0000007
1608163200000000000,209.397,206.5,219.607,218.633,168810432.00000018
1608076800000000000,209.41,201.667,210.833,207.59,126287439.00000012
1607990400000000000,214.427,207.933,215.633,211.083,135670677.00000015
1607904000000000000,206.333,203.4,214.25,213.277,156121947.00000018
1607644800000000000,205.003,198.933,208.0,203.33,139424922.00000015
1607558400000000000,191.457,188.78,209.25,209.023,201249459.0000002
1607472000000000000,217.897,196.0,218.107,201.493,213873570.00000024
1607385600000000000,208.502,206.167,217.093,216.627,192795087.0000002
1607299200000000000,201.64,201.017,216.262,213.92,168929127.00000018
1607040000000000000,197.003,195.167,199.68,199.68,88203942.00000009
1606953600000000000,196.673,194.143,199.657,197.793,127656009.00000012
1606867200000000000,185.48,180.403,190.513,189.607,143326959.00000015
1606780800000000000,199.197,190.683,199.283,194.92,121148496.00000012
1606694400000000000,200.737,184.837,202.6,189.2,189009156.0000002
1606435200000000000,193.72,192.817,199.593,195.253,112683234.00000012
1606262400000000000,183.353,181.79,191.333,191.333,146790486.00000015
1606176000000000000,180.133,175.4,186.663,185.127,160945482.00000018
1606089600000000000,167.833,167.263,175.333,173.95,150780912.00000015
1605830400000000000,165.997,163.02,167.5,163.203,98735766.0000001
1605744000000000000,164.0,162.523,169.537,166.423,187426038.0000002
1605657600000000000,149.45,147.833,165.333,162.213,234132072.00000024
1605571200000000000,153.39,144.337,154.0,147.203,183564843.00000012
1605484800000000000,136.31,134.696,137.483,136.03,80515905.00000009
1605225600000000000,136.95,133.887,137.511,136.167,59491053.00000006
1605139200000000000,138.35,136.507,141.0,137.253,59821500.00000006
1605052800000000000,138.817,136.86,139.565,139.043,52073166.00000005
1604966400000000000,140.03,132.01,140.03,136.787,90852672.00000007
1604880000000000000,146.5,140.333,150.833,140.42,104499075.0000001
1604620800000000000,145.367,141.427,145.523,143.317,65118042.00000007
1604534400000000000,142.767,141.333,146.667,146.03,85243569.00000009
1604448000000000000,143.54,139.033,145.133,140.327,96429171.0000001
1604361600000000000,136.577,135.563,142.59,141.3,103055145.0000001
1604275200000000000,131.333,130.767,135.66,133.503,87063354.00000009
1604016000000000000,135.632,126.37,135.864,129.347,127762917.00000012
1603929600000000000,136.653,135.487,139.353,136.943,67965924.00000007
1603843200000000000,138.827,135.333,139.533,135.34,76354227.00000007
1603756800000000000,141.253,140.033,143.5,141.56,68059518.00000007
1603670400000000000,137.21,136.667,141.92,140.093,84717483.00000009
1603411200000000000,140.613,135.793,140.962,140.21,101150940.0000001
1603324800000000000,147.307,141.503,148.41,141.93,119979573.00000012
1603238400000000000,140.9,140.417,144.317,140.88,97111383.0000001
1603152000000000000,143.917,139.683,143.917,140.647,94968867.0000001
1603065600000000000,148.747,142.957,149.0,143.61,108863529.00000012
1602806400000000000,151.48,146.283,151.983,146.557,98327637.0000001
1602720000000000000,150.103,147.5,152.19,149.627,107017062.00000012
1602633600000000000,149.927,149.117,155.3,153.767,144136182.00000015
1602547200000000000,147.783,145.533,149.63,148.883,103390995.0000001
1602460800000000000,147.333,146.193,149.58,147.433,116373399.00000012
1602201600000000000,143.377,142.153,144.863,144.667,86776968.00000009
1602115200000000000,146.147,141.767,146.333,141.973,121263348.00000012
1602028800000000000,139.957,137.948,143.3,141.767,129383127.00000012
1601942400000000000,141.263,135.35,142.927,137.993,147438777.00000015
1601856000000000000,141.117,139.777,144.547,141.893,134168358.00000012
1601596800000000000,140.463,138.333,146.377,138.363,214290075.00000024
1601510400000000000,146.92,144.807,149.627,149.387,152224362.00000015
1601424000000000000,140.44,140.157,144.643,143.003,144436698.00000015
1601337600000000000,138.667,137.2,142.833,139.69,151024212.00000015
1601251200000000000,141.54,138.517,142.693,140.4,149158683.00000015
1600992000000000000,131.157,130.433,136.244,135.78,201625377.0000002
1600905600000000000,121.267,117.1,133.167,129.263,289683183.0000003
1600819200000000000,135.053,125.293,137.383,126.787,285222528.0000003
1600732800000000000,143.2,139.2,145.92,141.41,238742385.00000024
1600646400000000000,151.043,135.69,151.893,149.797,328430400.0000004
1600387200000000000,149.313,142.933,150.333,147.383,259220457.00000027
1600300800000000000,138.533,136.0,145.93,141.143,230337489.00000024
1600214400000000000,146.623,145.103,152.597,147.253,217640280.00000024
1600128000000000000,145.52,143.567,153.98,149.92,291894684.0000003
1600041600000000000,126.983,124.433,140.0,139.873,249061824.00000027
1599782400000000000,127.313,120.167,127.5,124.24,182152377.00000012
1599696000000000000,128.737,120.187,132.997,123.78,254791824.00000027
1599609600000000000,118.867,113.837,123.0,122.093,238397307.00000024
1599523200000000000,118.667,109.96,122.913,110.07,346397073.0000004
1599177600000000000,134.27,124.007,142.667,139.44,330965655.0000004
1599091200000000000,135.743,134.0,143.933,135.667,262788258.00000027
1599004800000000000,159.663,135.04,159.68,149.123,288528384.0000003
1598918400000000000,167.38,156.837,167.497,158.35,270358257.0000003
1598832000000000000,148.203,146.703,166.713,166.107,355123218.0000004
1598572800000000000,153.008,145.768,154.566,147.56,301217640.00000024
1598486400000000000,145.364,142.833,153.04,149.25,355395645.0000003
1598400000000000000,137.333,136.909,144.4,143.545,213590730.00000012
1598313600000000000,131.659,131.2,135.197,134.889,159883395.00000015
1598227200000000000,141.752,128.501,141.933,134.28,300954315.00000024
1597968000000000000,136.317,135.003,139.699,136.665,322343385.0000003
1597881600000000000,124.045,123.804,134.799,133.455,309176940.00000024
1597795200000000000,124.333,122.747,127.4,125.235,183079965.0000001
1597708800000000000,126.599,123.007,128.26,125.806,247117365.0000002
1597622400000000000,111.8,111.522,123.057,122.376,303634845.00000024
1597363200000000000,110.999,108.443,111.253,110.047,188664210.0000001
1597276800000000000,107.4,104.484,110.079,108.067,306379620.00000024
1597190400000000000,98.0,95.6667,105.667,103.651,328482510.0000003
1597104000000000000,93.0667,91.0,94.6667,91.626,129387510.0000001
1597017600000000000,96.5333,92.3893,97.1667,94.5713,112833960.00000007
1596758400000000000,99.9691,94.334,99.9833,96.8473,133446300.00000012
1596672000000000000,99.3887,98.484,101.154,99.3053,89884695.00000007
1596585600000000000,99.5327,97.8873,99.9892,99.0013,74670225.00000006
1596499200000000000,99.6673,97.4667,101.827,99.1333,126224850.0000001
1596412800000000000,96.6133,96.2923,100.654,99.0,132140190.00000012
1596153600000000000,101.0,94.732,101.137,95.384,183704400.0000001
1596067200000000000,99.2,98.0667,100.883,99.166,114315585.00000007
1595980800000000000,100.067,99.1333,102.321,99.9407,141403395.00000012
1595894400000000000,100.267,98.2947,104.313,98.4327,237130500.0000002
1595808000000000000,95.6667,94.2,103.196,102.64,240730035.0000002
1595548800000000000,94.4007,91.1027,97.6667,94.4667,290949240.00000024
1595462400000000000,111.93,98.718,112.6,100.871,364927560.0000003
1595376000000000000,106.6,104.133,108.428,106.155,212416200.00000012
1595289600000000000,109.329,103.867,111.667,104.557,242359200.0000002
1595203200000000000,101.267,99.2,110.0,109.533,256820505.0000002
1594944000000000000,100.897,99.3333,102.501,100.056,139949580.00000012
1594857600000000000,98.4773,97.7333,102.114,100.043,214511775.00000012
1594771200000000000,102.867,97.1333,103.333,103.067,245517435.0000002
1594684800000000000,103.733,95.4,106.0,101.12,351272100.0000003
1594598400000000000,110.6,98.074,119.666,99.804,584780430.0000005
1594339200000000000,93.0667,91.734,103.261,102.977,350063295.0000003
1594252800000000000,93.1327,90.0853,93.904,92.952,175763970.00000015
1594166400000000000,93.6667,87.4227,94.484,91.0587,244669680.0000002
1594080000000000000,93.6673,89.114,95.3,92.6573,322344915.0000003
1593993600000000000,85.1127,84.4029,91.8527,91.4387,308547960.00000024
1593648000000000000,81.432,79.04,81.8667,80.5773,258751725.0000002
1593561600000000000,72.2,72.0333,75.6887,74.642,199903440.00000012
1593475200000000000,67.1,66.9153,72.5127,71.9873,253777515.0000002
1593388800000000000,64.6007,63.2347,67.3333,67.29,135396060.00000012
1593129600000000000,66.3187,63.658,66.3333,63.9827,132823620.00000012
1593043200000000000,63.618,62.4767,65.732,65.732,138818235.00000012
1592956800000000000,66.274,63.5428,66.7256,64.0567,164393895.00000015
1592870400000000000,66.592,66.2673,67.4667,66.7853,95479065.00000007
1592784000000000000,66.6633,66.0013,67.2587,66.288,95435250.00000007
1592524800000000000,67.5187,66.0893,67.7313,66.7267,130196235.0000001
1592438400000000000,66.8667,66.2981,67.9467,66.9307,146279040.00000012
1592352000000000000,65.8473,65.5047,67.0,66.1193,148362000.00000012
1592265600000000000,67.4567,64.1593,67.5253,65.4753,210766170.00000012
1592179200000000000,61.186,60.5667,66.5893,66.06,235457670.0000002
1591920000000000000,65.3333,60.84,65.8653,62.352,251450610.0000002
1591833600000000000,66.0133,64.8,67.9307,64.856,238747230.0000002
1591747200000000000,66.1253,65.5,68.4987,68.3367,278451195.00000024
1591660800000000000,62.6673,61.5954,63.6293,62.7113,170822310.00000015
1591574400000000000,61.2667,60.6107,63.3333,63.328,212620905.00000012
1591315200000000000,58.5227,57.7467,59.1013,59.044,117178755.0000001
1591228800000000000,59.3253,57.2293,59.7167,57.6253,133315695.00000012
1591142400000000000,59.208,58.6733,59.8627,58.864,119242035.0000001
1591056000000000000,59.6467,58.0667,60.5773,58.7707,203483940.00000012
1590969600000000000,57.2,56.94,59.9333,59.8733,226279455.00000012
1590710400000000000,53.9167,53.614,55.6667,55.6667,177187335.00000015
1590624000000000000,54.234,53.446,54.9833,53.7207,109136610.00000007
1590537600000000000,54.724,52.3333,55.1807,54.682,173242950.00000015
1590451200000000000,55.6333,54.3803,55.64,54.5913,121346040.0000001
1590105600000000000,54.8116,54.1333,55.452,54.4587,149812125.00000012
1590019200000000000,54.4,53.0667,55.5,55.1733,183818760.0000001
1589932800000000000,54.7,54.12,55.0667,54.3707,109639065.00000007
1589846400000000000,54.3447,53.7387,54.8047,53.8673,144547830.00000012
1589760000000000000,55.1853,53.592,55.648,54.242,175471530.00000015
1589500800000000000,52.69,52.4368,53.6699,53.278,157776420.00000012
1589414400000000000,52.0,50.9333,53.5573,53.5553,205232820.00000012
1589328000000000000,54.722,50.8867,55.0667,52.7307,285982365.00000024
1589241600000000000,55.1333,53.8667,56.2193,53.9607,238603575.0000002
1589155200000000000,52.7007,52.3333,54.9333,54.086,247794015.0000002
1588896000000000000,52.918,52.4673,54.9333,54.628,241951305.0000002
1588809600000000000,51.814,51.49,53.0933,52.0027,172915290.00000015
1588723200000000000,51.7667,50.7407,52.6533,52.172,166848465.00000015
1588636800000000000,52.6527,50.812,53.2613,51.214,254874840.0000002
1588550400000000000,46.7333,46.5333,50.8,50.746,288556350.00000024
1588291200000000000,50.3333,45.536,51.518,46.7547,487977105.0000004
1588204800000000000,57.0127,50.9,57.988,52.1253,427077810.0000004
1588118400000000000,52.678,52.2107,53.5467,53.3673,243239730.0000002
1588032000000000000,53.0427,50.446,53.6667,51.2747,228329460.00000012
1587945600000000000,49.174,49.0,53.2993,53.25,310221630.00000024
1587686400000000000,47.3873,46.5453,48.7153,48.3433,198564180.00000012
1587600000000000000,48.5067,46.8753,48.9333,47.042,198550455.00000012
1587513600000000000,46.932,45.914,48.9333,48.8073,213372465.00000012
1587427200000000000,48.6747,44.9193,50.222,45.7813,303136395.00000024
1587340800000000000,48.8467,47.4807,51.038,49.7573,221198655.00000012
1587081600000000000,51.4853,49.844,51.6633,50.2593,196923555.00000012
1586995200000000000,47.796,47.1143,50.63,49.6807,309867930.00000024
1586908800000000000,49.4667,47.3333,50.2087,48.6553,353655015.0000003
1586822400000000000,46.598,46.162,49.4587,47.326,458647665.0000004
1586736000000000000,39.344,38.702,43.4667,43.3967,337131315.0000003
1586390400000000000,37.4727,37.1407,38.3455,38.2,204750000.00000012
1586304000000000000,36.9467,35.5553,37.1472,36.5893,189840360.0000001
1586217600000000000,36.3333,35.4893,37.6667,36.3633,268796760.00000024
1586131200000000000,34.08,33.1973,34.7333,34.416,223527540.00000012
1585872000000000000,33.9667,31.226,34.366,32.0007,338431140.0000003
1585785600000000000,32.0687,29.76,32.9507,30.298,297876405.00000024
1585699200000000000,33.6,31.6733,34.2637,32.104,200297700.00000012
1585612800000000000,33.4167,33.1333,36.1973,34.9333,266572275.00000024
1585526400000000000,34.0173,32.7487,34.4431,33.4753,179971005.00000015
1585267200000000000,33.6667,32.9353,35.0533,34.2907,215661120.00000012
1585180800000000000,36.4927,34.15,37.3333,35.2107,261331230.0000002
1585094400000000000,36.35,34.074,37.1333,35.95,318341175.0000003
1585008000000000000,31.82,31.6,34.246,33.6667,343427550.0000003
1584921600000000000,28.9067,27.3667,29.4667,28.9527,246818235.0000002
1584662400000000000,29.2133,28.386,31.8,28.502,424282530.0000004
1584576000000000000,24.9798,23.8973,30.1333,28.5093,452931900.0000004
1584489600000000000,25.9333,23.3673,26.9907,24.0813,356792430.0000003
1584403200000000000,29.334,26.4,31.4567,28.68,359918700.0000003
1584316800000000000,31.3,29.478,32.9913,29.6713,307341960.00000024
1584057600000000000,39.6667,33.4667,40.5047,36.4413,339603810.0000003
1583971200000000000,38.726,36.4167,39.6333,37.37,283635780.00000024
1583884800000000000,42.68,40.8667,43.572,42.282,201203805.00000012
1583798400000000000,43.962,40.5333,44.5333,43.022,233916645.0000002
1583712000000000000,40.3593,40.3333,44.1999,40.5333,256106100.0000002
1583452800000000000,46.0002,45.618,47.1333,46.8987,189943770.0000001
1583366400000000000,48.2513,47.8713,49.7167,48.3027,162789855.00000015
1583280000000000000,50.9307,48.3156,51.1013,49.9667,225734655.00000012
1583193600000000000,53.6667,47.7407,53.7987,49.7007,386760045.0000003
1583107200000000000,47.4173,45.778,49.5793,49.5747,302924865.00000024
1582848000000000000,41.98,40.768,46.0347,44.5327,368462565.0000003
1582761600000000000,48.6667,44.6,49.318,45.2667,364157400.0000003
1582675200000000000,52.1667,51.7407,54.2207,51.92,212307645.00000012
1582588800000000000,56.6,52.4667,57.1067,53.3273,259357215.0000002
1582502400000000000,55.9333,54.8133,57.5667,55.586,227882445.00000012
1582243200000000000,60.4653,58.6967,60.8707,60.0667,215091690.00000012
1582156800000000000,60.7967,57.3293,60.8,59.9607,264523395.00000024
1582070400000000000,61.5667,60.068,62.9853,61.1613,381344370.0000003
1581984000000000000,56.1067,55.4907,57.3333,57.2267,250475535.0000002
1581638400000000000,52.4813,52.3667,54.198,53.3353,235405665.0000002
1581552000000000000,49.456,49.0,54.5333,53.6,394340220.0000004
1581465600000000000,51.858,50.8913,52.65,51.1527,180337050.0000001
1581379200000000000,51.2527,50.5333,52.2337,51.6253,175462095.00000015
1581292800000000000,53.3333,50.16,54.666,51.4187,370337445.0000003
1581033600000000000,48.7033,48.6667,51.3167,49.8713,255952815.0000002
1580947200000000000,46.6613,45.8,53.0553,49.9307,598211280.0000005
1580860800000000000,54.884,46.9407,56.3987,48.98,726357555.0000006
1580774400000000000,58.864,55.592,64.5993,59.1373,914081370.0000008
1580688000000000000,44.9127,44.9013,52.4093,52.0,708502425.0000006
1580428800000000000,42.6667,42.168,43.5333,43.3713,235788990.0000002
1580342400000000000,42.1613,41.2,43.392,42.7207,435085140.0000004
1580256000000000000,38.3793,37.8287,39.32,38.7327,273250080.00000024
1580169600000000000,37.8993,37.2053,38.454,37.7933,176827395.00000015
1580083200000000000,36.1327,35.952,37.6293,37.2013,204121020.00000012
1579824000000000000,38.042,36.9507,38.2573,37.6547,215304000.00000012
1579737600000000000,37.6167,37.0402,38.8,38.1467,294765630.00000024
1579651200000000000,38.126,37.2733,39.6333,37.9707,470535420.0000004
1579564800000000000,35.35,35.2273,36.572,36.48,267052065.00000024
1579219200000000000,33.8407,33.544,34.378,34.0333,204436095.00000012
1579132800000000000,32.9167,32.8113,34.2973,34.2327,326049795.0000003
1579046400000000000,35.3173,34.4524,35.856,34.5667,260532465.0000002
1578960000000000000,36.2837,34.9933,36.494,35.8613,435920655.0000004
1578873600000000000,32.9,32.8,35.042,34.9907,399518205.0000004
1578614400000000000,32.1193,31.58,32.3293,31.8767,194652480.00000012
1578528000000000000,33.14,31.5247,33.2533,32.0893,426947790.0000004
1578441600000000000,31.58,31.2153,33.2327,32.8093,467990895.0000004
1578355200000000000,30.76,30.2237,31.442,31.2707,273137070.00000024
1578268800000000000,29.3647,29.3333,30.104,30.1027,152362485.00000012
1578009600000000000,29.3667,29.128,30.2667,29.534,266920455.00000024
1577923200000000000,28.3,28.114,28.713,28.684,143375790.00000012
1577750400000000000,27.0,26.8053,28.086,27.8887,154386840.00000012
1577664000000000000,28.586,27.2839,28.6,27.6467,189018975.0000001
1577404800000000000,29.0,28.4073,29.0207,28.692,149352405.00000012
1577318400000000000,28.5273,28.4233,28.8987,28.7293,159724335.00000015
1577145600000000000,27.8907,27.5125,28.3647,28.35,120820800.0000001
1577059200000000000,27.452,27.3333,28.134,27.948,199992315.00000012
1576800000000000000,27.3527,26.679,27.5333,27.0393,221778090.00000012
1576713600000000000,26.488,26.4333,27.1233,26.936,271804605.00000024
1576627200000000000,25.3753,25.372,26.348,26.21,212045880.00000012
1576540800000000000,25.266,25.06,25.7,25.266,127556625.0000001
1576454400000000000,24.17,24.1667,25.574,25.4333,273314100.00000024
1576195200000000000,24.07,23.6427,24.3473,23.8927,98614215.00000007
1576108800000000000,23.6613,23.5487,24.1827,23.9787,116643165.0000001
1576022400000000000,23.4584,23.406,23.8127,23.5133,103787430.00000007
1575936000000000000,22.664,22.6207,23.382,23.256,132599265.00000012
1575849600000000000,22.4393,22.3387,22.9633,22.6353,135603255.00000012
1575590400000000000,22.3333,22.318,22.5907,22.3927,114284055.00000007
1575504000000000000,22.1887,21.8167,22.2948,22.0247,56054640.000000045
1575417600000000000,22.5167,22.19,22.524,22.202,83043825.00000007
1575331200000000000,22.1747,22.1457,22.5273,22.4133,99202140.00000007
1575244800000000000,21.96,21.9125,22.4255,22.3247,91229790.00000007
1574985600000000000,22.074,21.8333,22.084,21.996,36984435.00000003
1574812800000000000,22.0747,21.9047,22.262,22.086,83451885.00000007
1574726400000000000,22.3513,21.8067,22.3667,21.928,119343585.0000001
1574640000000000000,22.9547,22.2973,22.9713,22.4227,185186475.0000001
1574380800000000000,22.6773,22.0,22.7333,22.2027,253059630.0000002
1574294400000000000,23.634,23.6003,24.056,23.6553,91650195.00000007
1574208000000000000,24.0,23.3047,24.08,23.4813,101009475.00000007
1574121600000000000,23.45,23.1867,23.9993,23.968,116041170.0000001
1574035200000000000,23.5278,23.0733,23.5433,23.3327,66127575.00000006
1573776000000000000,23.376,23.224,23.52,23.478,72188445.00000006
1573689600000000000,23.074,22.8607,23.5893,23.29,97075545.00000007
1573603200000000000,23.6667,23.012,23.7553,23.074,127017945.0000001
1573516800000000000,23.1267,22.936,23.358,23.3287,110390745.00000007
1573430400000000000,22.93,22.8,23.2793,23.006,149905335.00000012
1573171200000000000,22.3,22.1667,22.4973,22.476,91113315.00000007
1573084800000000000,21.9427,21.868,22.7667,22.3693,217010220.00000012
1572998400000000000,21.2,20.9667,21.7813,21.772,119113980.0000001
1572912000000000000,21.308,21.0745,21.5673,21.148,104151255.00000007
1572825600000000000,20.9867,20.6173,21.4627,21.1647,131805600.0000001
1572566400000000000,21.088,20.6533,21.0987,20.8873,95758935.00000007
1572480000000000000,20.8733,20.8667,21.2667,20.9947,76004340.00000006
1572393600000000000,20.8667,20.6647,21.2527,21.0007,144627150.00000012
1572307200000000000,21.3327,20.9833,21.62,21.0813,190264005.0000001
1572220800000000000,21.836,21.5067,22.7227,21.8473,283054290.00000024
1571961600000000000,19.848,19.7407,22.0,21.8753,450091365.0000004
1571875200000000000,19.8913,19.28,20.3287,19.9787,447288465.0000004
1571788800000000000,16.9667,16.7567,17.076,16.9787,168242730.00000015
1571702400000000000,16.9547,16.7233,17.222,17.0387,69376425.00000006
1571616000000000000,17.222,16.6787,17.3,16.9,76621515.00000006
1571356800000000000,17.38,17.0067,17.52,17.13,86304990.00000007
1571270400000000000,17.5,17.3447,17.652,17.4647,71685645.00000006
1571184000000000000,17.1593,17.128,17.4733,17.3167,100564545.00000007
1571097600000000000,17.18,16.9413,17.3333,17.1927,97191840.00000007
1571011200000000000,16.5267,16.4753,17.2367,17.1307,153402945.00000012
1570752000000000000,16.4767,16.454,16.7387,16.526,127322385.0000001
1570665600000000000,16.352,16.1053,16.6187,16.316,94701255.00000007
1570579200000000000,16.088,16.0433,16.4863,16.302,104025495.00000007
1570492800000000000,15.7247,15.6333,16.2627,16.0033,130535070.0000001
1570406400000000000,15.32,15.2367,15.904,15.848,121304355.0000001
1570147200000000000,15.4407,15.2047,15.652,15.4287,120317700.0000001
1570060800000000000,15.4573,14.952,15.632,15.5353,227066445.00000012
1569974400000000000,16.2193,15.962,16.31,16.2087,93848220.00000007
1569888000000000000,16.1,15.942,16.3967,16.3127,92944350.00000007
1569801600000000000,16.2,15.7407,16.2653,16.058,89192415.00000007
1569542400000000000,16.1467,15.9153,16.5807,16.142,166847685.00000015
1569456000000000000,15.3773,15.16,16.2207,16.1707,181181775.0000001
1569369600000000000,14.9707,14.5573,15.2653,15.2467,141664290.00000012
1569283200000000000,16.1013,14.8407,16.1327,14.8807,194116680.00000012
1569196800000000000,16.0,15.948,16.3453,16.082,65874450.00000005
1568937600000000000,16.4327,15.8773,16.4631,16.0413,97593960.00000007
1568851200000000000,16.4,16.3227,16.5293,16.44,73247025.00000006
1568764800000000000,16.3333,16.158,16.5446,16.2327,63421545.00000005
1568678400000000000,16.1647,16.0247,16.3733,16.3193,59203635.00000005
1568592000000000000,16.4,16.078,16.4953,16.1873,70921440.00000006
1568332800000000000,16.464,16.3243,16.5633,16.3467,79697175.00000007
1568246400000000000,16.5133,16.2933,16.9,16.3913,128718150.0000001
1568160000000000000,15.8253,15.7333,16.5449,16.4733,150641655.00000012
1568073600000000000,15.3867,15.2627,15.7027,15.7027,73255710.00000006
1567987200000000000,15.3333,15.282,15.584,15.4527,72040035.00000006
1567728000000000000,15.1467,15.0113,15.3093,15.1633,62840580.00000005
1567641600000000000,14.8333,14.7233,15.32,15.3053,111049830.00000007
1567555200000000000,15.126,14.6137,15.2307,14.712,86530440.00000007
1567468800000000000,14.9387,14.8773,15.2633,15.0007,80408190.00000007
1567123200000000000,15.2767,14.9475,15.496,15.0407,139916625.00000012
1567036800000000000,14.6,14.5333,14.8933,14.7807,77746560.00000006
1566950400000000000,14.246,14.154,14.4833,14.3727,48579375.000000045
1566864000000000000,14.3827,14.1353,14.5867,14.272,81310905.00000007
1566777600000000000,14.24,14.1027,14.3347,14.3333,75816210.00000006
1566518400000000000,14.6647,14.0667,14.7447,14.0933,128395560.0000001
1566432000000000000,14.8533,14.548,15.0267,14.81,98474460.00000007
1566345600000000000,14.8007,14.5067,14.8813,14.722,116996160.0000001
1566259200000000000,15.1747,14.9693,15.2727,15.0573,62557905.00000005
1566172800000000000,14.9473,14.78,15.1887,15.122,79676220.00000007
1565913600000000000,14.444,14.4013,14.816,14.6627,78110640.00000006
1565827200000000000,14.724,14.1033,14.7707,14.376,123479280.0000001
1565740800000000000,15.414,14.446,15.4333,14.6413,143438865.00000012
1565654400000000000,15.254,15.17,15.7333,15.6667,73034970.00000006
1565568000000000000,15.254,15.17,15.5867,15.2673,69959055.00000006
1565308800000000000,15.7369,15.5873,15.9307,15.6673,58473660.00000005
1565222400000000000,15.63,15.51,15.9867,15.8867,79115235.00000006
1565136000000000000,15.1,15.0533,15.5713,15.5613,71647500.00000006
1565049600000000000,15.4587,15.05,15.5,15.3833,83463000.00000007
1564963200000000000,15.3067,15.0517,15.4245,15.2213,105424185.00000007
1564704000000000000,15.4233,15.282,15.7513,15.6227,92047215.00000007
1564617600000000000,16.1767,15.4513,16.3007,15.59,123892740.0000001
1564531200000000000,16.2,15.7767,16.4453,16.1073,137673120.00000012
1564444800000000000,15.5267,15.4787,16.224,16.1507,121635210.0000001
1564358400000000000,15.1393,15.0688,15.7293,15.718,139099965.00000012
1564099200000000000,15.128,14.8167,15.3507,15.2027,150415455.00000012
1564012800000000000,15.5667,15.0367,15.6333,15.2547,336273780.0000003
1563926400000000000,17.278,17.2107,17.738,17.6587,166092525.00000015
1563840000000000000,17.114,16.9667,17.3653,17.3447,75346815.00000006
1563753600000000000,17.25,16.9461,17.477,17.0453,102694095.00000007
1563494400000000000,17.046,16.9747,17.3307,17.212,105726150.00000007
1563408000000000000,17.0033,16.7923,17.05,16.9027,71467245.00000006
1563321600000000000,17.0447,16.89,17.2207,16.9907,146470905.00000012
1563235200000000000,16.62,16.5288,16.902,16.8253,122234835.0000001
1563148800000000000,16.5333,16.324,16.9613,16.9,165001380.00000015
1562889600000000000,15.9833,15.9807,16.3587,16.3387,138007815.00000012
1562803200000000000,15.876,15.72,16.1,15.9067,112716450.00000007
1562716800000000000,15.61,15.5427,15.9293,15.928,137186040.00000012
1562630400000000000,15.2647,15.152,15.4,15.3373,92862525.00000007
1562544000000000000,15.416,15.244,15.4833,15.356,88208130.00000007
1562284800000000000,15.638,15.3867,15.6967,15.54,105986070.00000007
1562112000000000000,15.9593,15.634,16.1047,15.66,213017220.00000012
1562025600000000000,15.2593,14.8147,15.2767,14.97,138885405.00000012
1561939200000000000,15.3473,15.0853,15.54,15.1447,123569460.0000001
1561680000000000000,14.7327,14.72,15.0113,14.8973,102770760.00000007
1561593600000000000,14.63,14.49,14.86,14.856,95095650.00000007
1561507200000000000,14.6873,14.54,15.1487,14.618,127608120.0000001
1561420800000000000,14.9593,14.6327,15.0227,14.6507,92731065.00000007
1561334400000000000,14.8827,14.7347,15.0573,14.9093,86261565.00000007
1561075200000000000,14.4147,14.3667,14.812,14.7907,123031170.0000001
1560988800000000000,14.8667,14.4233,15.1267,14.6413,177951930.00000015
1560902400000000000,15.0073,14.7373,15.1847,15.0953,98627025.00000007
1560816000000000000,15.248,14.8373,15.6493,14.9827,190736820.0000001
1560729600000000000,14.3653,14.2847,15.1333,15.002,184752045.0000001
1560470400000000000,14.0833,14.0267,14.4433,14.328,111501030.00000007
1560384000000000000,14.0253,13.834,14.3267,14.2607,122523900.0000001
1560297600000000000,14.8633,13.9333,14.892,13.9507,227963160.00000012
1560211200000000000,14.6096,14.2333,14.7267,14.4733,174803055.00000015
1560124800000000000,14.0167,13.934,14.4627,14.192,158775585.00000015
1559865600000000000,13.6667,13.5666,14.0563,13.6333,240052905.0000002
1559779200000000000,13.6293,13.4533,14.0667,13.73,303632265.00000024
1559692800000000000,13.2453,12.7899,13.4185,13.106,202661340.00000012
1559606400000000000,12.0733,11.974,12.932,12.9067,207112830.00000012
1559520000000000000,12.3673,11.7995,12.4453,11.9313,195966150.00000012
1559260800000000000,12.34,12.2733,12.6614,12.344,156100980.00000012
1559174400000000000,12.5833,12.468,12.817,12.548,118897125.0000001
1559088000000000000,12.4733,12.336,12.826,12.6573,179529570.00000015
1559001600000000000,12.7467,12.5233,13.0,12.58,154693515.00000012
1558656000000000000,13.322,12.5834,13.332,12.7087,212048580.00000012
1558569600000000000,12.956,12.4147,13.2977,13.0327,398207130.0000004
1558483200000000000,13.2733,12.7853,13.596,12.8487,280277805.00000024
1558396800000000000,13.184,13.0693,13.8267,13.672,270058485.00000024
1558310400000000000,13.52,13.0167,13.7333,13.6907,307892925.00000024
1558051200000000000,14.7973,13.928,14.816,14.0687,266799990.00000024
1557964800000000000,15.2993,15.1,15.4,15.222,112249095.00000007
1557878400000000000,15.288,15.0167,15.496,15.4633,109439640.00000007
1557792000000000000,15.2867,15.2,15.6333,15.4873,108786180.00000007
1557705600000000000,15.4673,14.9667,15.498,15.134,162521940.00000015
1557446400000000000,15.9833,15.7347,16.1327,15.968,105125040.00000007
1557360000000000000,16.1333,15.7962,16.2453,16.132,100670730.00000007
1557273600000000000,16.4627,16.28,16.7066,16.3227,92646600.00000007
1557187200000000000,17.12,16.34,17.1473,16.4707,151971120.00000012
1557100800000000000,16.668,16.5667,17.2233,17.0227,162509145.00000015
1556841600000000000,16.2573,16.2327,17.1073,17.002,355601565.0000003
1556755200000000000,16.368,15.848,16.4753,16.2733,272390085.00000024
1556668800000000000,15.9233,15.4333,16.0,15.6007,160565310.00000015
1556582400000000000,16.1373,15.8,16.2807,15.9127,141969420.00000012
1556496000000000000,15.724,15.478,16.2653,16.098,250717140.0000002
1556236800000000000,16.4333,15.4087,16.4453,15.676,335410635.0000003
1556150400000000000,17.0,16.4047,17.2667,16.5087,327740895.0000003
1556064000000000000,17.59,17.2,17.688,17.244,160911810.00000015
1555977600000000000,17.3433,17.05,17.7067,17.5933,164157885.00000015
1555891200000000000,17.9333,17.4987,17.9787,17.5167,182207115.0000001
1555545600000000000,18.082,17.9833,18.3227,18.2173,88144875.00000007
1555459200000000000,18.3167,17.9023,18.3193,18.082,76897020.00000006
1555372800000000000,17.7167,17.648,18.3333,18.224,109093950.00000007
1555286400000000000,17.9087,17.242,17.9253,17.7587,150578685.00000012
1555027200000000000,18.0147,17.7887,18.13,17.8467,101189610.00000007
1554940800000000000,17.8867,17.7067,18.0333,17.8947,147538905.00000012
1554854400000000000,18.4493,18.1928,18.5587,18.404,105919710.00000007
1554768000000000000,18.11,17.974,18.3333,18.154,88560465.00000007
1554681600000000000,18.5127,18.0293,18.744,18.2133,156156540.00000012
1554422400000000000,17.9907,17.7407,18.4067,18.3307,195573855.00000012
1554336000000000000,17.4593,17.3727,18.08,17.852,355810935.0000003
1554249600000000000,19.1547,19.1447,19.7447,19.454,118947960.0000001
1554163200000000000,19.22,18.9253,19.296,19.0587,82184100.00000007
1554076800000000000,18.8413,18.7521,19.28,19.2787,121656585.0000001
1553817600000000000,18.58,18.3,18.6773,18.6573,89870070.00000007
1553731200000000000,18.4773,18.34,18.6887,18.5747,101611395.00000007
1553644800000000000,17.9167,17.8789,18.358,18.322,131687490.0000001
1553558400000000000,17.6293,17.6287,18.0173,17.8513,110264220.00000007
1553472000000000000,17.314,16.964,17.5453,17.3613,153225435.00000012
1553212800000000000,18.172,17.6,18.1867,17.6353,131184135.0000001
1553126400000000000,18.1733,17.8967,18.43,18.268,89206470.00000007
1553040000000000000,17.9793,17.7533,18.3313,18.24,103623360.00000007
1552953600000000000,17.8333,17.564,18.22,17.8313,177009450.00000015
1552867200000000000,18.4,17.82,18.5367,17.966,154214700.00000012
1552608000000000000,18.9007,18.2933,18.915,18.362,221782965.00000012
1552521600000000000,19.4967,19.2193,19.6927,19.3307,106551705.00000007
1552435200000000000,18.9267,18.8467,19.466,19.264,102670785.00000007
1552348800000000000,19.0993,18.7373,19.2047,18.8907,112562055.00000007
1552262400000000000,18.9013,18.7,19.4187,19.3947,110884170.00000007
1552003200000000000,18.4607,18.3927,19.0393,18.9427,132294375.00000012
1551916800000000000,18.5893,18.2833,18.98,18.4393,141637245.00000012
1551830400000000000,18.432,18.2927,18.7671,18.416,155032275.00000012
1551744000000000000,18.8,18.0067,18.9333,18.436,281471100.00000024
1551657600000000000,19.8747,18.852,19.9333,19.024,256452270.0000002
1551398400000000000,20.4627,19.46,20.4753,19.6527,343670625.0000003
1551312000000000000,21.2613,20.7207,21.3333,21.3253,157809795.00000012
1551225600000000000,20.1187,20.0367,21.0863,20.9827,167758620.00000015
1551139200000000000,19.4813,19.2513,20.134,19.8573,128738025.0000001
1551052800000000000,19.8607,19.8,20.1936,19.918,99397830.00000007
1550793600000000000,19.6327,19.4733,19.7667,19.6473,86108370.00000007
1550707200000000000,20.1207,19.3667,20.216,19.4153,133637730.00000012
1550620800000000000,20.294,19.9333,20.42,20.1707,107131755.00000007
1550534400000000000,20.4373,20.3647,20.7696,20.376,62526645.00000005
1550188800000000000,20.3,20.26,20.5333,20.5253,58574205.00000005
1550102400000000000,20.2253,20.0667,20.4513,20.2513,78012480.00000006
1550016000000000000,20.8233,20.3713,20.85,20.5447,77124255.00000006
1549929600000000000,21.08,20.6413,21.2127,20.7873,82763550.00000007
1549843200000000000,20.7733,20.7,21.24,20.856,106945695.00000007
1549584000000000000,20.4553,19.9,20.4963,20.3867,87663180.00000007
1549497600000000000,20.8867,20.2,20.98,20.5007,97809165.00000007
1549411200000000000,21.306,21.0416,21.616,21.148,75578190.00000006
1549324800000000000,20.8327,20.8166,21.496,21.4233,101141475.00000007
1549238400000000000,20.8653,20.1253,21.02,20.8593,110281230.00000007
1548979200000000000,20.3613,20.2333,21.0733,20.814,109251615.00000007
1548892800000000000,20.0667,19.6,20.7709,20.468,188538675.0000001
1548806400000000000,20.03,19.8993,20.6,20.5847,168754770.00000015
1548720000000000000,19.6847,19.4533,19.9038,19.8307,69325380.00000006
1548633600000000000,19.5273,19.1833,19.8307,19.7587,96349185.00000007
1548374400000000000,19.626,19.3033,19.9013,19.8027,108871170.00000007
1548288000000000000,18.8687,18.6189,19.5787,19.434,120182325.0000001
1548201600000000000,19.5,18.7793,19.6333,19.1727,187949895.0000001
1548115200000000000,20.3213,19.7,20.5333,19.928,181001115.0000001
1547769600000000000,21.5333,19.982,21.8086,20.1507,362261445.0000003
1547683200000000000,23.0807,22.9433,23.4333,23.154,55150995.000000045
1547596800000000000,22.9853,22.9,23.4667,23.07,70376085.00000006
1547510400000000000,22.3333,22.3,23.2533,22.962,90848850.00000007
1547424000000000000,22.8253,22.2667,22.8333,22.2933,78709260.00000006
1547164800000000000,22.806,22.5847,23.2273,23.1507,75585780.00000006
1547078400000000000,22.2933,22.1193,23.026,22.998,90845310.00000007
1546992000000000000,22.3667,22.098,22.9002,22.5687,81494175.00000007
1546905600000000000,22.7973,21.8013,22.934,22.3567,105127740.00000007
1546819200000000000,21.448,21.1834,22.4493,22.3307,113268375.00000007
